latitude,longitude,acq_date,acq_time,iran_date,iran_time,year,month,day,satellite,instrument,detected_sensor,confidence,frp,brightness,daynight,scan,track
28.28294,53.97754,2026-10-07,1132,2026-10-07,15:02,2026,10,7,Aqua,MODIS,MODIS,63,13.86,324.03,D,1.42,1.18
27.47786,52.9748,2026-10-07,1021,2026-10-07,13:51,2026,10,7,N20,VIIRS,VIIRS,l,1.75,339.91,D,0.37,0.58
28.67999,52.09558,2026-10-07,1021,2026-10-07,13:51,2026,10,7,N20,VIIRS,VIIRS,n,1.96,347.03,D,0.34,0.56
28.68218,52.09409,2026-10-07,1021,2026-10-07,13:51,2026,10,7,N20,VIIRS,VIIRS,n,2.8,347.11,D,0.34,0.56
28.79505,52.44334,2026-10-07,1002,2026-10-07,13:32,2026,10,7,N,VIIRS,VIIRS,n,4.6,340.49,D,0.45,0.39
29.25816,53.12269,2026-10-07,1002,2026-10-07,13:32,2026,10,7,N,VIIRS,VIIRS,l,9.68,344.93,D,0.49,0.4
30.5137,52.43473,2026-10-07,926,2026-10-07,12:56,2026,10,7,N21,VIIRS,VIIRS,n,26.51,342.82,D,0.41,0.37
30.51707,52.43396,2026-10-07,926,2026-10-07,12:56,2026,10,7,N21,VIIRS,VIIRS,n,3.03,337.09,D,0.41,0.37
28.88627,53.7653,2026-10-07,841,2026-10-07,12:11,2026,10,7,N20,VIIRS,VIIRS,n,3.77,339.06,D,0.6,0.71
27.47831,52.9742,2026-10-07,839,2026-10-07,12:09,2026,10,7,N20,VIIRS,VIIRS,l,4.26,337.69,D,0.72,0.76
29.19514,52.84758,2026-10-07,37,2026-10-07,04:07,2026,10,7,Aqua,MODIS,MODIS,59,6.98,304.13,N,1.03,1.02
27.47865,52.97387,2026-10-06,2305,2026-10-07,02:35,2026,10,7,N20,VIIRS,VIIRS,n,2.08,313.62,N,0.48,0.64
27.47982,52.9692,2026-10-06,2305,2026-10-07,02:35,2026,10,7,N20,VIIRS,VIIRS,n,2.08,324.56,N,0.48,0.64
28.68437,52.09256,2026-10-06,2305,2026-10-07,02:35,2026,10,7,N20,VIIRS,VIIRS,n,2.22,333.75,N,0.4,0.6
29.12376,52.64571,2026-10-06,2303,2026-10-07,02:33,2026,10,7,N20,VIIRS,VIIRS,n,0.88,304.72,N,0.42,0.61
29.192,52.84069,2026-10-06,2303,2026-10-07,02:33,2026,10,7,N20,VIIRS,VIIRS,n,2.52,329.84,N,0.43,0.62
29.19759,52.84197,2026-10-06,2303,2026-10-07,02:33,2026,10,7,N20,VIIRS,VIIRS,n,2.52,304.91,N,0.43,0.62
29.25627,53.1214,2026-10-06,2303,2026-10-07,02:33,2026,10,7,N20,VIIRS,VIIRS,n,6.17,351.95,N,0.44,0.62
29.25906,53.12136,2026-10-06,2303,2026-10-07,02:33,2026,10,7,N20,VIIRS,VIIRS,n,5.45,351.24,N,0.44,0.62
29.37074,52.61091,2026-10-06,2303,2026-10-07,02:33,2026,10,7,N20,VIIRS,VIIRS,n,1.47,313.28,N,0.41,0.61
29.62619,52.44667,2026-10-06,2303,2026-10-07,02:33,2026,10,7,N20,VIIRS,VIIRS,n,0.24,301.95,N,0.4,0.6
29.88235,52.87215,2026-10-06,2303,2026-10-07,02:33,2026,10,7,N20,VIIRS,VIIRS,n,1.33,299.99,N,0.41,0.61
29.88238,52.87075,2026-10-06,2303,2026-10-07,02:33,2026,10,7,N20,VIIRS,VIIRS,n,1.42,301.86,N,0.41,0.61
29.88474,52.74466,2026-10-06,2303,2026-10-07,02:33,2026,10,7,N20,VIIRS,VIIRS,n,1.76,299.48,N,0.41,0.6
27.47589,52.97169,2026-10-06,2246,2026-10-07,02:16,2026,10,7,N,VIIRS,VIIRS,n,3,339.87,N,0.38,0.43
27.47984,52.9727,2026-10-06,2246,2026-10-07,02:16,2026,10,7,N,VIIRS,VIIRS,n,3.31,338.87,N,0.38,0.43
28.68338,52.09433,2026-10-06,2246,2026-10-07,02:16,2026,10,7,N,VIIRS,VIIRS,n,1.75,314.71,N,0.5,0.41
29.18952,52.84402,2026-10-06,2246,2026-10-07,02:16,2026,10,7,N,VIIRS,VIIRS,n,2.78,314.14,N,0.53,0.42
29.19335,52.84484,2026-10-06,2246,2026-10-07,02:16,2026,10,7,N,VIIRS,VIIRS,n,2.78,327.45,N,0.53,0.42
29.19439,52.8396,2026-10-06,2246,2026-10-07,02:16,2026,10,7,N,VIIRS,VIIRS,n,2.78,311.19,N,0.53,0.42
29.25616,53.12191,2026-10-06,2246,2026-10-07,02:16,2026,10,7,N,VIIRS,VIIRS,n,5.29,330.37,N,0.55,0.42
29.36822,52.61264,2026-10-06,2246,2026-10-07,02:16,2026,10,7,N,VIIRS,VIIRS,n,2.81,321.16,N,0.51,0.41
29.62279,52.44746,2026-10-06,2246,2026-10-07,02:16,2026,10,7,N,VIIRS,VIIRS,n,0.51,302.33,N,0.5,0.41
29.73483,52.65559,2026-10-06,2246,2026-10-07,02:16,2026,10,7,N,VIIRS,VIIRS,n,0.98,301.54,N,0.51,0.41
29.88007,52.87298,2026-10-06,2246,2026-10-07,02:16,2026,10,7,N,VIIRS,VIIRS,n,1.13,303.4,N,0.52,0.41
29.88492,52.74683,2026-10-06,2246,2026-10-07,02:16,2026,10,7,N,VIIRS,VIIRS,n,1.57,301.29,N,0.51,0.41
27.47823,52.9739,2026-10-06,2210,2026-10-07,01:40,2026,10,7,N21,VIIRS,VIIRS,n,1.11,317.43,N,0.39,0.36
27.47882,52.97004,2026-10-06,2210,2026-10-07,01:40,2026,10,7,N21,VIIRS,VIIRS,n,3.11,328.21,N,0.39,0.36
27.52883,53.28802,2026-10-06,2210,2026-10-07,01:40,2026,10,7,N21,VIIRS,VIIRS,n,0.64,306.68,N,0.38,0.36
28.68077,52.09304,2026-10-06,2210,2026-10-07,01:40,2026,10,7,N21,VIIRS,VIIRS,n,2.44,321.75,N,0.4,0.37
28.88473,52.16249,2026-10-06,2210,2026-10-07,01:40,2026,10,7,N21,VIIRS,VIIRS,n,0.7,307.03,N,0.4,0.37
28.68987,54.18866,2026-10-06,2208,2026-10-07,01:38,2026,10,7,N21,VIIRS,VIIRS,n,0.81,306.32,N,0.39,0.36
29.19286,52.84473,2026-10-06,2208,2026-10-07,01:38,2026,10,7,N21,VIIRS,VIIRS,n,2.23,328.13,N,0.39,0.36
29.19345,52.84074,2026-10-06,2208,2026-10-07,01:38,2026,10,7,N21,VIIRS,VIIRS,n,2.23,314.14,N,0.39,0.36
29.19404,52.83674,2026-10-06,2208,2026-10-07,01:38,2026,10,7,N21,VIIRS,VIIRS,n,0.97,305.7,N,0.39,0.36
29.19616,52.84539,2026-10-06,2208,2026-10-07,01:38,2026,10,7,N21,VIIRS,VIIRS,n,2.23,306.11,N,0.39,0.36
29.25723,53.12118,2026-10-06,2208,2026-10-07,01:38,2026,10,7,N21,VIIRS,VIIRS,n,5.96,335.77,N,0.39,0.36
29.36692,52.61017,2026-10-06,2208,2026-10-07,01:38,2026,10,7,N21,VIIRS,VIIRS,n,3.66,327.89,N,0.39,0.37
29.58297,52.57398,2026-10-06,2208,2026-10-07,01:38,2026,10,7,N21,VIIRS,VIIRS,n,0.71,303.11,N,0.4,0.37
29.86931,52.87053,2026-10-06,2208,2026-10-07,01:38,2026,10,7,N21,VIIRS,VIIRS,n,0.72,304.97,N,0.39,0.36
29.87925,52.87244,2026-10-06,2208,2026-10-07,01:38,2026,10,7,N21,VIIRS,VIIRS,n,1.97,310.27,N,0.39,0.36
29.88138,52.88111,2026-10-06,2208,2026-10-07,01:38,2026,10,7,N21,VIIRS,VIIRS,n,0.9,300.93,N,0.39,0.36
29.88256,52.87307,2026-10-06,2208,2026-10-07,01:38,2026,10,7,N21,VIIRS,VIIRS,n,1.08,307.95,N,0.39,0.36
29.8841,52.88576,2026-10-06,2208,2026-10-07,01:38,2026,10,7,N21,VIIRS,VIIRS,n,0.39,295.84,N,0.39,0.36
29.88432,52.74495,2026-10-06,2208,2026-10-07,01:38,2026,10,7,N21,VIIRS,VIIRS,n,1.12,302.54,N,0.39,0.37
29.88469,52.88174,2026-10-06,2208,2026-10-07,01:38,2026,10,7,N21,VIIRS,VIIRS,n,0.9,298.57,N,0.39,0.36
29.88612,52.84893,2026-10-06,2208,2026-10-07,01:38,2026,10,7,N21,VIIRS,VIIRS,n,0.74,297.96,N,0.39,0.36
29.89131,52.88302,2026-10-06,2208,2026-10-07,01:38,2026,10,7,N21,VIIRS,VIIRS,n,0.61,298.28,N,0.39,0.36
27.47708,52.96568,2026-10-06,2125,2026-10-07,00:55,2026,10,7,N20,VIIRS,VIIRS,n,2.45,319.84,N,0.57,0.69
27.48162,52.97006,2026-10-06,2125,2026-10-07,00:55,2026,10,7,N20,VIIRS,VIIRS,n,2.4,304.8,N,0.57,0.69
27.48201,52.96424,2026-10-06,2125,2026-10-07,00:55,2026,10,7,N20,VIIRS,VIIRS,n,2.4,328.63,N,0.57,0.69
27.4835,52.96621,2026-10-06,2125,2026-10-07,00:55,2026,10,7,N20,VIIRS,VIIRS,n,2.45,322.7,N,0.57,0.69
28.68411,52.08921,2026-10-06,2123,2026-10-07,00:53,2026,10,7,N20,VIIRS,VIIRS,n,2.16,314.03,N,0.66,0.73
28.68592,52.08798,2026-10-06,2123,2026-10-07,00:53,2026,10,7,N20,VIIRS,VIIRS,n,1.37,314.86,N,0.66,0.73
29.25812,53.11662,2026-10-06,2123,2026-10-07,00:53,2026,10,7,N20,VIIRS,VIIRS,n,4.98,340.85,N,0.58,0.7
29.36911,52.60904,2026-10-06,2123,2026-10-07,00:53,2026,10,7,N20,VIIRS,VIIRS,n,2.11,301.71,N,0.63,0.72
29.37142,52.60785,2026-10-06,2123,2026-10-07,00:53,2026,10,7,N20,VIIRS,VIIRS,n,1.91,305.46,N,0.63,0.72
27.44263,53.07492,2026-10-06,1652,2026-10-06,20:22,2026,10,6,Terra,MODIS,MODIS,63,6.78,309.14,N,1.02,1.01
28.12512,53.22859,2026-10-06,1652,2026-10-06,20:22,2026,10,6,Terra,MODIS,MODIS,100,20.36,324.23,N,1.04,1.02
29.3709,52.60928,2026-10-06,1652,2026-10-06,20:22,2026,10,6,Terra,MODIS,MODIS,33,3.99,301.98,N,1.02,1.01
27.47678,52.9785,2026-10-06,1041,2026-10-06,14:11,2026,10,6,N20,VIIRS,VIIRS,n,5.28,341.5,D,0.73,0.76
27.47829,52.97359,2026-10-06,1041,2026-10-06,14:11,2026,10,6,N20,VIIRS,VIIRS,n,6.82,337.83,D,0.73,0.76
29.25249,53.12246,2026-10-06,1041,2026-10-06,14:11,2026,10,6,N20,VIIRS,VIIRS,n,6.56,336.79,D,0.77,0.77
29.2568,53.12316,2026-10-06,1041,2026-10-06,14:11,2026,10,6,N20,VIIRS,VIIRS,n,8.59,337.1,D,0.77,0.77
30.06136,51.78143,2026-10-06,1041,2026-10-06,14:11,2026,10,6,N20,VIIRS,VIIRS,l,7.45,331.6,D,0.65,0.73
30.06136,51.77859,2026-10-06,1021,2026-10-06,13:51,2026,10,6,N,VIIRS,VIIRS,n,9.21,344.46,D,0.51,0.5
27.47599,52.97038,2026-10-06,1019,2026-10-06,13:49,2026,10,6,N,VIIRS,VIIRS,l,2.06,336.37,D,0.56,0.52
27.47614,52.97409,2026-10-06,1019,2026-10-06,13:49,2026,10,6,N,VIIRS,VIIRS,n,5.56,344.71,D,0.57,0.52
27.47656,52.97617,2026-10-06,1019,2026-10-06,13:49,2026,10,6,N,VIIRS,VIIRS,n,4.32,341.22,D,0.57,0.52
27.48078,52.96983,2026-10-06,1019,2026-10-06,13:49,2026,10,6,N,VIIRS,VIIRS,n,1.5,340.61,D,0.56,0.52
27.48093,52.97354,2026-10-06,1019,2026-10-06,13:49,2026,10,6,N,VIIRS,VIIRS,n,5.46,344.27,D,0.57,0.52
27.81902,52.87542,2026-10-06,1019,2026-10-06,13:49,2026,10,6,N,VIIRS,VIIRS,n,2.68,339.37,D,0.56,0.52
28.68208,52.09158,2026-10-06,1019,2026-10-06,13:49,2026,10,6,N,VIIRS,VIIRS,l,6.31,340.47,D,0.52,0.5
29.25462,53.12297,2026-10-06,1019,2026-10-06,13:49,2026,10,6,N,VIIRS,VIIRS,n,5.22,347.73,D,0.61,0.53
28.82774,52.44413,2026-10-06,943,2026-10-06,13:13,2026,10,6,N21,VIIRS,VIIRS,n,3.3,343.27,D,0.41,0.37
29.19327,52.84321,2026-10-06,943,2026-10-06,13:13,2026,10,6,N21,VIIRS,VIIRS,l,8.1,348.21,D,0.42,0.38
29.24644,52.64056,2026-10-06,943,2026-10-06,13:13,2026,10,6,N21,VIIRS,VIIRS,l,11.24,338.57,D,0.42,0.38
29.36857,52.61284,2026-10-06,943,2026-10-06,13:13,2026,10,6,N21,VIIRS,VIIRS,n,4.68,341.19,D,0.42,0.38
27.72257,53.58677,2026-10-06,900,2026-10-06,12:30,2026,10,6,N20,VIIRS,VIIRS,l,2.37,338.1,D,0.34,0.56
27.8163,52.87583,2026-10-06,900,2026-10-06,12:30,2026,10,6,N20,VIIRS,VIIRS,n,3.17,347.07,D,0.38,0.58
28.68402,52.09312,2026-10-06,900,2026-10-06,12:30,2026,10,6,N20,VIIRS,VIIRS,n,2.43,341.5,D,0.4,0.6
28.80525,52.46725,2026-10-06,900,2026-10-06,12:30,2026,10,6,N20,VIIRS,VIIRS,n,3.19,338,D,0.38,0.59
28.80688,52.46691,2026-10-06,900,2026-10-06,12:30,2026,10,6,N20,VIIRS,VIIRS,l,2.69,336.14,D,0.38,0.59
29.24564,52.64472,2026-10-06,900,2026-10-06,12:30,2026,10,6,N20,VIIRS,VIIRS,l,2.14,336.13,D,0.36,0.57
29.25726,53.1204,2026-10-06,900,2026-10-06,12:30,2026,10,6,N20,VIIRS,VIIRS,n,2.9,347.61,D,0.34,0.56
29.25804,53.12378,2026-10-06,900,2026-10-06,12:30,2026,10,6,N20,VIIRS,VIIRS,n,2.9,346.32,D,0.34,0.56
28.95912,54.02169,2026-10-06,839,2026-10-06,12:09,2026,10,6,N,VIIRS,VIIRS,l,2.88,331.1,D,0.72,0.75
29.25451,53.12165,2026-10-06,839,2026-10-06,12:09,2026,10,6,N,VIIRS,VIIRS,n,7.34,345.81,D,0.79,0.78
29.25576,53.1202,2026-10-06,839,2026-10-06,12:09,2026,10,6,N,VIIRS,VIIRS,n,6.89,345.17,D,0.79,0.78
28.68105,52.09591,2026-10-05,2324,2026-10-06,02:54,2026,10,6,N20,VIIRS,VIIRS,n,1.02,301.1,N,0.75,0.77
28.68323,52.08825,2026-10-05,2324,2026-10-06,02:54,2026,10,6,N20,VIIRS,VIIRS,n,1,306.67,N,0.75,0.77
29.12015,52.64244,2026-10-05,2324,2026-10-06,02:54,2026,10,6,N20,VIIRS,VIIRS,n,1.1,295.35,N,0.79,0.78
29.12282,52.64444,2026-10-05,2324,2026-10-06,02:54,2026,10,6,N20,VIIRS,VIIRS,n,0.69,296.51,N,0.79,0.78
29.36639,52.6109,2026-10-05,2324,2026-10-06,02:54,2026,10,6,N20,VIIRS,VIIRS,n,2.06,298.32,N,0.77,0.78
30.06571,51.77468,2026-10-05,2324,2026-10-06,02:54,2026,10,6,N20,VIIRS,VIIRS,n,1.87,306.31,N,0.67,0.73
27.47985,52.97158,2026-10-05,2303,2026-10-06,02:33,2026,10,6,N,VIIRS,VIIRS,n,0.73,305.7,N,0.36,0.57
28.68566,52.09169,2026-10-05,2303,2026-10-06,02:33,2026,10,6,N,VIIRS,VIIRS,n,0.52,302.7,N,0.6,0.53
29.12175,52.64703,2026-10-05,2303,2026-10-06,02:33,2026,10,6,N,VIIRS,VIIRS,n,0.63,308.96,N,0.32,0.55
29.19185,52.84163,2026-10-05,2303,2026-10-06,02:33,2026,10,6,N,VIIRS,VIIRS,n,2.4,320.17,N,0.33,0.55
29.25694,53.12225,2026-10-05,2303,2026-10-06,02:33,2026,10,6,N,VIIRS,VIIRS,n,4.29,355.67,N,0.34,0.56
29.26424,53.25276,2026-10-05,2303,2026-10-06,02:33,2026,10,6,N,VIIRS,VIIRS,n,0.76,297.82,N,0.34,0.56
29.36556,52.6115,2026-10-05,2303,2026-10-06,02:33,2026,10,6,N,VIIRS,VIIRS,n,1.37,300.17,N,0.63,0.54
29.3704,52.61314,2026-10-05,2303,2026-10-06,02:33,2026,10,6,N,VIIRS,VIIRS,n,1.37,301.54,N,0.63,0.54
29.88055,52.87388,2026-10-05,2303,2026-10-06,02:33,2026,10,6,N,VIIRS,VIIRS,n,1.35,298.69,N,0.63,0.54
30.06192,51.7766,2026-10-05,2303,2026-10-06,02:33,2026,10,6,N,VIIRS,VIIRS,n,3.37,320.25,N,0.54,0.51
27.5303,53.2888,2026-10-05,2229,2026-10-06,01:59,2026,10,6,N21,VIIRS,VIIRS,n,4.06,328.88,N,0.52,0.41
28.68262,52.0946,2026-10-05,2229,2026-10-06,01:59,2026,10,6,N21,VIIRS,VIIRS,n,2.29,324.58,N,0.44,0.39
29.11986,52.64449,2026-10-05,2229,2026-10-06,01:59,2026,10,6,N21,VIIRS,VIIRS,n,0.77,302.81,N,0.46,0.39
29.19167,52.83907,2026-10-05,2229,2026-10-06,01:59,2026,10,6,N21,VIIRS,VIIRS,n,1.6,309.74,N,0.47,0.4
29.1931,52.84197,2026-10-05,2229,2026-10-06,01:59,2026,10,6,N21,VIIRS,VIIRS,n,3.69,317.29,N,0.47,0.4
29.25385,53.12343,2026-10-05,2229,2026-10-06,01:59,2026,10,6,N21,VIIRS,VIIRS,n,0.9,301.09,N,0.48,0.4
29.25746,53.12431,2026-10-05,2229,2026-10-06,01:59,2026,10,6,N21,VIIRS,VIIRS,n,2.34,324.61,N,0.48,0.4
29.25837,53.11948,2026-10-05,2229,2026-10-06,01:59,2026,10,6,N21,VIIRS,VIIRS,n,1.55,303.32,N,0.48,0.4
29.36711,52.61426,2026-10-05,2229,2026-10-06,01:59,2026,10,6,N21,VIIRS,VIIRS,n,2.1,310.65,N,0.46,0.39
29.36796,52.60962,2026-10-05,2229,2026-10-06,01:59,2026,10,6,N21,VIIRS,VIIRS,n,2.1,318.78,N,0.45,0.39
29.62429,52.44773,2026-10-05,2229,2026-10-06,01:59,2026,10,6,N21,VIIRS,VIIRS,n,0.42,302.46,N,0.45,0.39
29.88019,52.87043,2026-10-05,2229,2026-10-06,01:59,2026,10,6,N21,VIIRS,VIIRS,n,1.52,308.15,N,0.46,0.39
29.88472,52.74571,2026-10-05,2229,2026-10-06,01:59,2026,10,6,N21,VIIRS,VIIRS,n,1.34,306.55,N,0.45,0.39
29.888,52.84801,2026-10-05,2229,2026-10-06,01:59,2026,10,6,N21,VIIRS,VIIRS,n,0.68,298.69,N,0.46,0.39
30.06219,51.77803,2026-10-05,2229,2026-10-06,01:59,2026,10,6,N21,VIIRS,VIIRS,n,1.9,315.87,N,0.42,0.38
28.68562,52.09093,2026-10-05,2144,2026-10-06,01:14,2026,10,6,N20,VIIRS,VIIRS,n,0.93,318.17,N,0.34,0.56
28.69216,54.18721,2026-10-05,2144,2026-10-06,01:14,2026,10,6,N20,VIIRS,VIIRS,n,0.54,303.13,N,0.5,0.49
29.25834,53.12231,2026-10-05,2144,2026-10-06,01:14,2026,10,6,N20,VIIRS,VIIRS,n,3.64,315.31,N,0.59,0.53
29.25891,53.11614,2026-10-05,2144,2026-10-06,01:14,2026,10,6,N20,VIIRS,VIIRS,n,3.64,324.03,N,0.6,0.53
29.35929,52.61406,2026-10-05,2144,2026-10-06,01:14,2026,10,6,N20,VIIRS,VIIRS,n,0.71,301.67,N,0.32,0.55
29.3693,52.60831,2026-10-05,2144,2026-10-06,01:14,2026,10,6,N20,VIIRS,VIIRS,n,1.92,319.94,N,0.32,0.55
29.36965,52.61185,2026-10-05,2144,2026-10-06,01:14,2026,10,6,N20,VIIRS,VIIRS,n,1.72,302.4,N,0.32,0.55
29.36995,52.60861,2026-10-05,2144,2026-10-06,01:14,2026,10,6,N20,VIIRS,VIIRS,n,1.51,316.5,N,0.32,0.55
29.88644,52.88141,2026-10-05,2144,2026-10-06,01:14,2026,10,6,N20,VIIRS,VIIRS,n,1.51,298.07,N,0.63,0.54
29.88854,52.7446,2026-10-05,2144,2026-10-06,01:14,2026,10,6,N20,VIIRS,VIIRS,n,0.95,303.91,N,0.32,0.54
29.8888,52.74395,2026-10-05,2144,2026-10-06,01:14,2026,10,6,N20,VIIRS,VIIRS,n,0.49,299.23,N,0.32,0.54
29.25286,53.1165,2026-10-05,2125,2026-10-06,00:55,2026,10,6,N,VIIRS,VIIRS,n,2.12,304.49,N,0.74,0.76
29.25581,53.11899,2026-10-05,2125,2026-10-06,00:55,2026,10,6,N,VIIRS,VIIRS,n,6.13,336.28,N,0.74,0.76
29.26001,53.11699,2026-10-05,2125,2026-10-06,00:55,2026,10,6,N,VIIRS,VIIRS,n,4.46,325.3,N,0.74,0.76
29.37089,52.60807,2026-10-05,2125,2026-10-06,00:55,2026,10,6,N,VIIRS,VIIRS,n,1.87,297.83,N,0.79,0.78
29.2536,53.126,2026-10-05,1041,2026-10-05,14:11,2026,10,5,N,VIIRS,VIIRS,l,4.05,335.94,D,0.59,0.7
29.25837,53.12335,2026-10-05,1004,2026-10-05,13:34,2026,10,5,N21,VIIRS,VIIRS,n,5.31,343.65,D,0.51,0.49
28.63616,54.35764,2026-10-05,1002,2026-10-05,13:32,2026,10,5,N21,VIIRS,VIIRS,n,2.86,344.05,D,0.59,0.53
29.02787,53.07911,2026-10-05,917,2026-10-05,12:47,2026,10,5,N20,VIIRS,VIIRS,n,4.76,341.13,D,0.55,0.43
29.25557,53.12184,2026-10-05,917,2026-10-05,12:47,2026,10,5,N20,VIIRS,VIIRS,n,8.14,343.31,D,0.54,0.42
29.25589,53.12063,2026-10-05,900,2026-10-05,12:30,2026,10,5,N,VIIRS,VIIRS,h,5.27,367,D,0.43,0.62
28.37784,54.16751,2026-10-05,858,2026-10-05,12:28,2026,10,5,N,VIIRS,VIIRS,l,1.06,336.84,D,0.39,0.59
28.67852,52.09402,2026-10-04,2324,2026-10-05,02:54,2026,10,5,N,VIIRS,VIIRS,n,0.69,302.68,N,0.57,0.69
28.68464,52.09256,2026-10-04,2324,2026-10-05,02:54,2026,10,5,N,VIIRS,VIIRS,n,1.48,307.61,N,0.57,0.69
28.68468,52.09631,2026-10-04,2324,2026-10-05,02:54,2026,10,5,N,VIIRS,VIIRS,n,0.69,310.48,N,0.57,0.69
29.25814,53.12381,2026-10-04,2322,2026-10-05,02:52,2026,10,5,N,VIIRS,VIIRS,n,6.71,338.15,N,0.63,0.72
27.52875,53.28646,2026-10-04,2246,2026-10-05,02:16,2026,10,5,N21,VIIRS,VIIRS,n,0.45,305.47,N,0.32,0.55
28.68136,52.09122,2026-10-04,2246,2026-10-05,02:16,2026,10,5,N21,VIIRS,VIIRS,n,3.55,323.65,N,0.52,0.5
28.68352,52.09515,2026-10-04,2246,2026-10-05,02:16,2026,10,5,N21,VIIRS,VIIRS,n,2.17,323.72,N,0.52,0.5
29.12062,52.64479,2026-10-04,2246,2026-10-05,02:16,2026,10,5,N21,VIIRS,VIIRS,n,1.23,302.57,N,0.55,0.51
29.25424,53.12218,2026-10-04,2246,2026-10-05,02:16,2026,10,5,N21,VIIRS,VIIRS,n,7.53,338.71,N,0.58,0.52
29.36747,52.61495,2026-10-04,2246,2026-10-05,02:16,2026,10,5,N21,VIIRS,VIIRS,n,1.55,299.81,N,0.54,0.51
29.36868,52.60947,2026-10-04,2246,2026-10-05,02:16,2026,10,5,N21,VIIRS,VIIRS,n,1.55,304.42,N,0.54,0.51
29.88469,52.88264,2026-10-04,2246,2026-10-05,02:16,2026,10,5,N21,VIIRS,VIIRS,n,1.72,297.93,N,0.54,0.51
28.68191,52.08904,2026-10-04,2201,2026-10-05,01:31,2026,10,5,N20,VIIRS,VIIRS,n,2.57,316.08,N,0.54,0.42
28.69219,54.18687,2026-10-04,2201,2026-10-05,01:31,2026,10,5,N20,VIIRS,VIIRS,n,0.64,306.25,N,0.43,0.38
29.25566,53.12024,2026-10-04,2201,2026-10-05,01:31,2026,10,5,N20,VIIRS,VIIRS,n,5.56,330.28,N,0.48,0.4
29.25933,53.12087,2026-10-04,2201,2026-10-05,01:31,2026,10,5,N20,VIIRS,VIIRS,n,0.42,298.68,N,0.48,0.4
29.36804,52.61187,2026-10-04,2201,2026-10-05,01:31,2026,10,5,N20,VIIRS,VIIRS,n,2.87,319.94,N,0.51,0.41
29.879,52.86969,2026-10-04,2201,2026-10-05,01:31,2026,10,5,N20,VIIRS,VIIRS,n,1.35,303.63,N,0.51,0.41
29.88634,52.74767,2026-10-04,2201,2026-10-05,01:31,2026,10,5,N20,VIIRS,VIIRS,n,1.14,300.45,N,0.51,0.41
28.68335,52.09106,2026-10-04,2144,2026-10-05,01:14,2026,10,5,N,VIIRS,VIIRS,n,1.57,318.42,N,0.43,0.62
29.12184,52.64671,2026-10-04,2142,2026-10-05,01:12,2026,10,5,N,VIIRS,VIIRS,n,0.45,301.24,N,0.41,0.6
29.25316,53.12009,2026-10-04,2142,2026-10-05,01:12,2026,10,5,N,VIIRS,VIIRS,n,1.71,302.27,N,0.38,0.59
29.25864,53.12069,2026-10-04,2142,2026-10-05,01:12,2026,10,5,N,VIIRS,VIIRS,n,1.71,339.37,N,0.38,0.59
29.36842,52.61248,2026-10-04,2142,2026-10-05,01:12,2026,10,5,N,VIIRS,VIIRS,n,1.79,309.81,N,0.41,0.61
29.88061,52.87175,2026-10-04,2142,2026-10-05,01:12,2026,10,5,N,VIIRS,VIIRS,n,0.88,301.95,N,0.4,0.6
29.88399,52.74678,2026-10-04,2142,2026-10-05,01:12,2026,10,5,N,VIIRS,VIIRS,n,1.15,300.8,N,0.41,0.61
28.24623,53.62407,2026-10-04,1021,2026-10-04,13:51,2026,10,4,N21,VIIRS,VIIRS,n,7.07,350.08,D,0.52,0.67
29.25917,53.1211,2026-10-04,1021,2026-10-04,13:51,2026,10,4,N21,VIIRS,VIIRS,n,7.75,352.89,D,0.5,0.66
29.56577,53.3842,2026-10-04,1021,2026-10-04,13:51,2026,10,4,N21,VIIRS,VIIRS,n,6.04,350.57,D,0.52,0.67
28.2421,53.62468,2026-10-04,937,2026-10-04,13:07,2026,10,4,N20,VIIRS,VIIRS,n,5.85,347.65,D,0.38,0.36
29.36654,52.61167,2026-10-04,937,2026-10-04,13:07,2026,10,4,N20,VIIRS,VIIRS,n,4.05,338.58,D,0.39,0.36
29.5615,53.38259,2026-10-04,937,2026-10-04,13:07,2026,10,4,N20,VIIRS,VIIRS,l,5.79,342.7,D,0.38,0.36
28.24252,53.62886,2026-10-04,917,2026-10-04,12:47,2026,10,4,N,VIIRS,VIIRS,n,6.14,345.63,D,0.44,0.46
29.25531,53.12146,2026-10-04,917,2026-10-04,12:47,2026,10,4,N,VIIRS,VIIRS,n,5.35,353.74,D,0.45,0.47
29.56292,53.38193,2026-10-04,917,2026-10-04,12:47,2026,10,4,N,VIIRS,VIIRS,n,7.39,349.75,D,0.43,0.46
29.56368,53.38276,2026-10-04,917,2026-10-04,12:47,2026,10,4,N,VIIRS,VIIRS,n,5.27,348.05,D,0.43,0.46
29.68352,52.50409,2026-10-04,917,2026-10-04,12:47,2026,10,4,N,VIIRS,VIIRS,n,7.97,348.56,D,0.48,0.48
29.25775,53.12,2026-10-04,841,2026-10-04,12:11,2026,10,4,N21,VIIRS,VIIRS,h,9.86,367,D,0.52,0.67
28.68087,52.09268,2026-10-03,2305,2026-10-04,02:35,2026,10,4,N21,VIIRS,VIIRS,n,2.05,323.3,N,0.5,0.66
29.25351,53.12212,2026-10-03,2305,2026-10-04,02:35,2026,10,4,N21,VIIRS,VIIRS,n,6.84,337.52,N,0.56,0.68
29.25456,53.12224,2026-10-03,2305,2026-10-04,02:35,2026,10,4,N21,VIIRS,VIIRS,n,9.07,352.36,N,0.56,0.69
29.3674,52.61007,2026-10-03,2305,2026-10-04,02:35,2026,10,4,N21,VIIRS,VIIRS,n,2.35,303.67,N,0.52,0.66
29.36928,52.61177,2026-10-03,2305,2026-10-04,02:35,2026,10,4,N21,VIIRS,VIIRS,n,2.59,309.89,N,0.52,0.66
29.88235,52.74723,2026-10-03,2303,2026-10-04,02:33,2026,10,4,N21,VIIRS,VIIRS,n,1.9,300.44,N,0.51,0.66
29.88513,52.74902,2026-10-03,2303,2026-10-04,02:33,2026,10,4,N21,VIIRS,VIIRS,n,0.96,299.52,N,0.51,0.66
28.46405,53.06206,2026-10-03,2222,2026-10-04,01:52,2026,10,4,N20,VIIRS,VIIRS,n,0.57,307.5,N,0.39,0.36
28.68154,52.09129,2026-10-03,2222,2026-10-04,01:52,2026,10,4,N20,VIIRS,VIIRS,n,1.53,318.17,N,0.38,0.36
29.12107,52.6472,2026-10-03,2222,2026-10-04,01:52,2026,10,4,N20,VIIRS,VIIRS,n,0.55,306.38,N,0.38,0.36
29.19836,52.84471,2026-10-03,2222,2026-10-04,01:52,2026,10,4,N20,VIIRS,VIIRS,n,1.02,306.48,N,0.39,0.36
29.20405,54.48363,2026-10-03,2222,2026-10-04,01:52,2026,10,4,N20,VIIRS,VIIRS,n,0.87,302.93,N,0.41,0.37
29.25521,53.12308,2026-10-03,2222,2026-10-04,01:52,2026,10,4,N20,VIIRS,VIIRS,n,1.77,302.79,N,0.39,0.36
29.25586,53.11914,2026-10-03,2222,2026-10-04,01:52,2026,10,4,N20,VIIRS,VIIRS,n,1.77,329.16,N,0.39,0.36
29.25914,53.11984,2026-10-03,2222,2026-10-04,01:52,2026,10,4,N20,VIIRS,VIIRS,n,1.77,301.24,N,0.39,0.36
29.36843,52.6116,2026-10-03,2222,2026-10-04,01:52,2026,10,4,N20,VIIRS,VIIRS,n,3.65,332.57,N,0.38,0.36
29.58228,52.57344,2026-10-03,2222,2026-10-04,01:52,2026,10,4,N20,VIIRS,VIIRS,n,0.68,302.2,N,0.38,0.36
29.62571,52.44879,2026-10-03,2222,2026-10-04,01:52,2026,10,4,N20,VIIRS,VIIRS,n,0.27,300.03,N,0.38,0.36
29.73619,52.65346,2026-10-03,2222,2026-10-04,01:52,2026,10,4,N20,VIIRS,VIIRS,n,0.88,305.42,N,0.38,0.36
29.87863,52.87195,2026-10-03,2222,2026-10-04,01:52,2026,10,4,N20,VIIRS,VIIRS,n,1.8,315.76,N,0.38,0.36
29.8819,52.87264,2026-10-03,2222,2026-10-04,01:52,2026,10,4,N20,VIIRS,VIIRS,n,0.63,298.53,N,0.38,0.36
29.88501,52.74725,2026-10-03,2222,2026-10-04,01:52,2026,10,4,N20,VIIRS,VIIRS,n,0.85,301.59,N,0.38,0.36
29.88657,52.88584,2026-10-03,2222,2026-10-04,01:52,2026,10,4,N20,VIIRS,VIIRS,n,1.44,301.8,N,0.38,0.36
27.47912,52.97233,2026-10-03,2201,2026-10-04,01:31,2026,10,4,N,VIIRS,VIIRS,n,0.76,308.29,N,0.39,0.44
27.47954,52.97224,2026-10-03,2201,2026-10-04,01:31,2026,10,4,N,VIIRS,VIIRS,n,0.67,306.58,N,0.39,0.44
28.68268,52.09365,2026-10-03,2201,2026-10-04,01:31,2026,10,4,N,VIIRS,VIIRS,n,2.18,322.54,N,0.45,0.47
29.1221,52.64733,2026-10-03,2201,2026-10-04,01:31,2026,10,4,N,VIIRS,VIIRS,n,0.46,299.78,N,0.42,0.45
29.12225,52.64477,2026-10-03,2201,2026-10-04,01:31,2026,10,4,N,VIIRS,VIIRS,n,0.7,298,N,0.42,0.45
29.25627,53.1224,2026-10-03,2201,2026-10-04,01:31,2026,10,4,N,VIIRS,VIIRS,n,6.01,338.4,N,0.4,0.44
29.36934,52.61076,2026-10-03,2201,2026-10-04,01:31,2026,10,4,N,VIIRS,VIIRS,n,3.12,323.75,N,0.43,0.46
29.87909,52.87272,2026-10-03,2201,2026-10-04,01:31,2026,10,4,N,VIIRS,VIIRS,n,1.17,308.96,N,0.42,0.45
29.88403,52.74783,2026-10-03,2201,2026-10-04,01:31,2026,10,4,N,VIIRS,VIIRS,n,0.85,299.83,N,0.43,0.46
28.67964,52.09242,2026-10-03,2125,2026-10-04,00:55,2026,10,4,N21,VIIRS,VIIRS,n,1.54,312.81,N,0.53,0.67
28.68525,52.09112,2026-10-03,2125,2026-10-04,00:55,2026,10,4,N21,VIIRS,VIIRS,n,1.51,311.3,N,0.53,0.67
29.12085,52.646,2026-10-03,2123,2026-10-04,00:53,2026,10,4,N21,VIIRS,VIIRS,n,0.59,300.49,N,0.5,0.66
29.25351,53.12122,2026-10-03,2123,2026-10-04,00:53,2026,10,4,N21,VIIRS,VIIRS,n,3.14,339.32,N,0.47,0.64
29.25381,53.1164,2026-10-03,2123,2026-10-04,00:53,2026,10,4,N21,VIIRS,VIIRS,n,3.14,299.11,N,0.47,0.64
29.2542,53.12185,2026-10-03,2123,2026-10-04,00:53,2026,10,4,N21,VIIRS,VIIRS,n,3.99,333.89,N,0.47,0.64
29.25453,53.11703,2026-10-03,2123,2026-10-04,00:53,2026,10,4,N21,VIIRS,VIIRS,n,3.99,311.06,N,0.47,0.64
29.25937,53.12175,2026-10-03,2123,2026-10-04,00:53,2026,10,4,N21,VIIRS,VIIRS,n,3.14,299.16,N,0.47,0.64
29.36975,52.61197,2026-10-03,2123,2026-10-04,00:53,2026,10,4,N21,VIIRS,VIIRS,n,1.76,308.59,N,0.5,0.66
29.88684,52.74645,2026-10-03,2123,2026-10-04,00:53,2026,10,4,N21,VIIRS,VIIRS,n,0.79,299.02,N,0.5,0.66
28.68134,52.09293,2026-10-03,956,2026-10-03,13:26,2026,10,3,N20,VIIRS,VIIRS,l,2.91,339.12,D,0.45,0.39
29.25452,53.12294,2026-10-03,956,2026-10-03,13:26,2026,10,3,N20,VIIRS,VIIRS,l,8.4,343.01,D,0.51,0.41
29.36798,52.61305,2026-10-03,956,2026-10-03,13:26,2026,10,3,N20,VIIRS,VIIRS,n,4.42,336.42,D,0.48,0.4
29.82618,52.92071,2026-10-03,956,2026-10-03,13:26,2026,10,3,N20,VIIRS,VIIRS,n,5.47,341,D,0.5,0.41
30.15469,51.84702,2026-10-03,956,2026-10-03,13:26,2026,10,3,N20,VIIRS,VIIRS,n,11.02,353.94,D,0.45,0.39
30.15822,51.84616,2026-10-03,956,2026-10-03,13:26,2026,10,3,N20,VIIRS,VIIRS,n,11.02,344.86,D,0.45,0.39
30.15877,51.85046,2026-10-03,956,2026-10-03,13:26,2026,10,3,N20,VIIRS,VIIRS,n,11.02,346.41,D,0.45,0.39
29.36809,52.61218,2026-10-03,939,2026-10-03,13:09,2026,10,3,N,VIIRS,VIIRS,n,2.82,335.4,D,0.42,0.38
30.15549,51.84327,2026-10-03,939,2026-10-03,13:09,2026,10,3,N,VIIRS,VIIRS,n,4.65,336.89,D,0.44,0.39
30.15636,51.84824,2026-10-03,939,2026-10-03,13:09,2026,10,3,N,VIIRS,VIIRS,n,12.26,351.67,D,0.44,0.39
30.1599,51.84771,2026-10-03,939,2026-10-03,13:09,2026,10,3,N,VIIRS,VIIRS,n,4.67,340.89,D,0.44,0.39
30.1604,51.85017,2026-10-03,939,2026-10-03,13:09,2026,10,3,N,VIIRS,VIIRS,l,1.91,332.11,D,0.44,0.39
30.18369,52.69377,2026-10-03,939,2026-10-03,13:09,2026,10,3,N,VIIRS,VIIRS,l,12.67,336.99,D,0.42,0.37
27.76896,52.81183,2026-10-03,937,2026-10-03,13:07,2026,10,3,N,VIIRS,VIIRS,l,6.21,342.58,D,0.43,0.38
28.68362,52.09283,2026-10-03,900,2026-10-03,12:30,2026,10,3,N21,VIIRS,VIIRS,n,4.53,338.67,D,0.32,0.55
29.25785,53.12162,2026-10-03,900,2026-10-03,12:30,2026,10,3,N21,VIIRS,VIIRS,n,6.48,344.72,D,0.54,0.51
30.1575,51.84374,2026-10-03,900,2026-10-03,12:30,2026,10,3,N21,VIIRS,VIIRS,n,7.36,332.37,D,0.62,0.54
30.18566,52.69094,2026-10-03,900,2026-10-03,12:30,2026,10,3,N21,VIIRS,VIIRS,n,8.03,337.8,D,0.55,0.51
